SL_NO.,MATS4e,MATS6e,RDF140u,Mor27m,Mor22i,pEC50
36,-0.05015,-0.03502,6.492,-0.1924,-0.3653,5.599
14,-0.00069,-0.1133,11.56,-0.2765,0.08066,5.963
27,-0.1154,0.01758,10.56,-0.2834,0.07156,5.331
31,-0.1045,-0.01924,7.385,-0.2356,0.03767,5.142
17,-0.01346,-0.104,15.14,-0.08666,-0.1024,6.310
32,-0.1099,-0.05177,7.059,-0.3256,0.02025,4.914
22,-0.03618,-0.04993,11.54,-0.2592,0.04299,5.206
13,0.04686,-0.09126,11.34,-0.1289,0.3797,6.377
